{
  "n_pareto_in": 10,
  "n_pcgm_accept": 5,
  "n_ranked": 5,
  "n_cfd_flagged": 3,
  "score_weights": {
    "T_UI": 0.4,
    "TMA_UI": 0.4,
    "confidence": 0.2
  },
  "ranked_designs": [
    {
      "rank": 1,
      "score": 0.8349237573924281,
      "D_mm": 1.0000000474974513,
      "pitch_over_D": 5.503036022186279,
      "Q_slm": 7.475114345550537,
      "n_holes": 2603,
      "open_area_pct": 2.8922224969685972,
      "Re": 3.9653561115264893,
      "Da": 0.029531341046094894,
      "T_UI": 0.9993385076522827,
      "TMA_UI": -0.34139978885650635,
      "Eu": 167028.06402097485,
      "T_mean_K": 396.6702880859375,
      "T_range_K": 8.01019287109375,
      "TMA_max": 0.00014998539700172842,
      "confidence_pre": 1.0,
      "confidence_post": 1.0,
      "flag_for_cfd": true,
      "pattern": "hex"
    },
    {
      "rank": 2,
      "score": 0.5457920897521096,
      "D_mm": 1.0000000474974513,
      "pitch_over_D": 5.120858669281006,
      "Q_slm": 7.473921298980713,
      "n_holes": 3005,
      "open_area_pct": 3.3388892060663213,
      "Re": 3.4343342781066895,
      "Da": 0.034097518771886826,
      "T_UI": 0.9992185831069946,
      "TMA_UI": -0.3593083620071411,
      "Eu": 231801.2789003935,
      "T_mean_K": 396.67181396484375,
      "T_range_K": 8.525726318359375,
      "TMA_max": 0.0001499853824498132,
      "confidence_pre": 1.0,
      "confidence_post": 1.0,
      "flag_for_cfd": true,
      "pattern": "hex"
    },
    {
      "rank": 3,
      "score": 0.5113838491639986,
      "D_mm": 1.0000000474974513,
      "pitch_over_D": 5.0,
      "Q_slm": 5.0,
      "n_holes": 3101,
      "open_area_pct": 3.445555882865778,
      "Re": 2.2264182567596436,
      "Da": 0.05259671434760094,
      "T_UI": 0.9991757273674011,
      "TMA_UI": 0.07072180509567261,
      "Eu": 462709.5557788318,
      "T_mean_K": 396.1481628417969,
      "T_range_K": 7.830780029296875,
      "TMA_max": 0.0001499853824498132,
      "confidence_pre": 1.0,
      "confidence_post": 1.0,
      "flag_for_cfd": true,
      "pattern": "hex"
    },
    {
      "rank": 4,
      "score": 0.31245108502312346,
      "D_mm": 1.0000000474974513,
      "pitch_over_D": 5.0,
      "Q_slm": 10.0,
      "n_holes": 3101,
      "open_area_pct": 3.445555882865778,
      "Re": 4.452836513519287,
      "Da": 0.02629835717380047,
      "T_UI": 0.9992599487304688,
      "TMA_UI": -2.462439775466919,
      "Eu": 135167.6540894763,
      "T_mean_K": 396.61688232421875,
      "T_range_K": 8.019622802734375,
      "TMA_max": 0.0001499853824498132,
      "confidence_pre": 1.0,
      "confidence_post": 1.0,
      "flag_for_cfd": false,
      "pattern": "hex"
    },
    {
      "rank": 5,
      "score": 0.11505173284921041,
      "D_mm": 1.0000000474974513,
      "pitch_over_D": 5.4357805252075195,
      "Q_slm": 10.0,
      "n_holes": 2657,
      "open_area_pct": 2.952222502668291,
      "Re": 5.1969313621521,
      "Da": 0.02253296785056591,
      "T_UI": 0.9991709589958191,
      "TMA_UI": -2.3671185970306396,
      "Eu": 96253.22878215948,
      "T_mean_K": 396.62017822265625,
      "T_range_K": 7.80279541015625,
      "TMA_max": 0.0001499853824498132,
      "confidence_pre": 1.0,
      "confidence_post": 1.0,
      "flag_for_cfd": false,
      "pattern": "hex"
    }
  ]
}