{
  "ga_best_tma_ui": 0.9711113929748535,
  "rand_best_tma_ui": 0.8950137019157409,
  "improvement_abs": 0.07609769105911257,
  "improvement_pct": 8.50240514711993,
  "oof_rho": 0.9622183186309187,
  "n_pop": 40,
  "n_gen": 50,
  "n_rand": 1200,
  "convergence": [
    0.7772465586662293,
    0.7946102380752563,
    0.8908362865447998,
    0.9393155336380005,
    0.9393155336380005,
    0.9432064652442932,
    0.9577755451202392,
    0.9598555326461792,
    0.9644495368003845,
    0.9646038174629211,
    0.966978132724762,
    0.9695268273353577,
    0.9695484280586243,
    0.9695599794387817,
    0.9695599794387817,
    0.9697070002555848,
    0.9700495362281799,
    0.9705444693565368,
    0.9707484841346741,
    0.9708721876144409,
    0.9708721876144409,
    0.9708721876144409,
    0.9708721876144409,
    0.9708721876144409,
    0.9708721876144409,
    0.9708721876144409,
    0.9708741188049317,
    0.9708760142326355,
    0.9708760142326355,
    0.9710885286331177,
    0.9710885286331177,
    0.9711026430130005,
    0.9711026430130005,
    0.9711026430130005,
    0.9711026430130005,
    0.9711026430130005,
    0.9711026430130005,
    0.9711026430130005,
    0.9711026430130005,
    0.9711026430130005,
    0.9711026430130005,
    0.9711100578308105,
    0.9711100578308105,
    0.9711100578308105,
    0.9711109161376953,
    0.9711109161376953,
    0.9711109161376953,
    0.9711109161376953,
    0.9711109161376953,
    0.9711113929748535
  ],
  "ga_pareto": [
    {
      "TMA_UI": 0.9711113929748535,
      "neg_Re": -1.8181661086803762,
      "Re": 1.8181661086803762,
      "geom_type": 1,
      "geom_name": "A_baffled",
      "D_mm": 2.6569184794336733,
      "Q_slm": 0.5,
      "H_plenum_mm": 15.775210181988694,
      "pitch_D": 4.493941588432475,
      "extra_param": 0.41790569290875756,
      "n_nozzles": 123
    },
    {
      "TMA_UI": 0.9703546047210694,
      "neg_Re": -1.8111772244226976,
      "Re": 1.8111772244226976,
      "geom_type": 1,
      "geom_name": "A_baffled",
      "D_mm": 2.6671708697237078,
      "Q_slm": 0.5,
      "H_plenum_mm": 15.7638849415418,
      "pitch_D": 4.493941588432475,
      "extra_param": 0.41790569290875756,
      "n_nozzles": 123
    },
    {
      "TMA_UI": 0.9701740145683289,
      "neg_Re": -1.7609010344725584,
      "Re": 1.7609010344725584,
      "geom_type": 1,
      "geom_name": "A_baffled",
      "D_mm": 2.6569184794336733,
      "Q_slm": 0.5,
      "H_plenum_mm": 15.698782613037617,
      "pitch_D": 4.42813315685992,
      "extra_param": 0.41111038553639123,
      "n_nozzles": 127
    },
    {
      "TMA_UI": 0.96824209690094,
      "neg_Re": -1.7404994123123112,
      "Re": 1.7404994123123112,
      "geom_type": 1,
      "geom_name": "A_baffled",
      "D_mm": 2.709395922622711,
      "Q_slm": 0.5,
      "H_plenum_mm": 16.000569792059395,
      "pitch_D": 4.370425321300725,
      "extra_param": 0.4147316862625014,
      "n_nozzles": 126
    },
    {
      "TMA_UI": 0.9644325017929077,
      "neg_Re": -1.7077529872922326,
      "Re": 1.7077529872922326,
      "geom_type": 1,
      "geom_name": "A_baffled",
      "D_mm": 2.697131585646603,
      "Q_slm": 0.5,
      "H_plenum_mm": 15.723585038403195,
      "pitch_D": 4.32407015168935,
      "extra_param": 0.4825409783436319,
      "n_nozzles": 129
    },
    {
      "TMA_UI": 0.9606768131256104,
      "neg_Re": -1.5710972883700953,
      "Re": 1.5710972883700953,
      "geom_type": 1,
      "geom_name": "A_baffled",
      "D_mm": 2.7208150408972713,
      "Q_slm": 0.5,
      "H_plenum_mm": 15.87963661404359,
      "pitch_D": 4.141175665341814,
      "extra_param": 0.44558108486047754,
      "n_nozzles": 139
    },
    {
      "TMA_UI": 0.9488932967185975,
      "neg_Re": -1.4036888473264408,
      "Re": 1.4036888473264408,
      "geom_type": 1,
      "geom_name": "A_baffled",
      "D_mm": 2.7309537901348606,
      "Q_slm": 0.5,
      "H_plenum_mm": 15.575595103825533,
      "pitch_D": 3.8985643786413484,
      "extra_param": 0.41790569290875756,
      "n_nozzles": 155
    }
  ],
  "rand_pareto": [
    {
      "TMA_UI": 0.8950137019157409,
      "neg_Re": -2.3133793477915154,
      "Re": 2.3133793477915154,
      "geom_name": "C_annular",
      "D_mm": 2.997726480783366,
      "Q_slm": 0.6944467106820811,
      "n_nozzles": 119
    },
    {
      "TMA_UI": 0.7967689037322998,
      "neg_Re": -2.13412419551045,
      "Re": 2.13412419551045,
      "geom_name": "A_baffled",
      "D_mm": 2.785809990725366,
      "Q_slm": 0.5203045525684037,
      "n_nozzles": 104
    },
    {
      "TMA_UI": 0.7832932710647583,
      "neg_Re": -2.1078893289242213,
      "Re": 2.1078893289242213,
      "geom_name": "C_annular",
      "D_mm": 2.4932019281102433,
      "Q_slm": 0.6456709104405531,
      "n_nozzles": 146
    },
    {
      "TMA_UI": 0.7344573736190796,
      "neg_Re": -2.0980369699034402,
      "Re": 2.0980369699034402,
      "geom_name": "C_annular",
      "D_mm": 2.2604709899459765,
      "Q_slm": 0.6744533009132582,
      "n_nozzles": 169
    },
    {
      "TMA_UI": 0.7002945125102997,
      "neg_Re": -1.5001954738936514,
      "Re": 1.5001954738936514,
      "geom_name": "A_baffled",
      "D_mm": 2.224442017187905,
      "Q_slm": 0.7638198663831481,
      "n_nozzles": 272
    },
    {
      "TMA_UI": 0.6087838590145112,
      "neg_Re": -1.3824744734504482,
      "Re": 1.3824744734504482,
      "geom_name": "D_twozone",
      "D_mm": 1.3012011886745278,
      "Q_slm": 0.5646294285031404,
      "n_nozzles": 373
    },
    {
      "TMA_UI": 0.5307044684886932,
      "neg_Re": -1.1429759024609312,
      "Re": 1.1429759024609312,
      "geom_name": "D_twozone",
      "D_mm": 1.4754287507419546,
      "Q_slm": 0.6059493118239094,
      "n_nozzles": 427
    },
    {
      "TMA_UI": 0.45056124925613406,
      "neg_Re": -1.0051213561065067,
      "Re": 1.0051213561065067,
      "geom_name": "A_baffled",
      "D_mm": 1.1406222771289107,
      "Q_slm": 0.6367330474173772,
      "n_nozzles": 660
    },
    {
      "TMA_UI": 0.32960051894187925,
      "neg_Re": -0.6291359570344429,
      "Re": 0.6291359570344429,
      "geom_name": "D_twozone",
      "D_mm": 1.2752695702647387,
      "Q_slm": 0.5333676860664724,
      "n_nozzles": 790
    },
    {
      "TMA_UI": 0.14473776742815972,
      "neg_Re": -0.5260817764728424,
      "Re": 0.5260817764728424,
      "geom_name": "C_annular",
      "D_mm": 1.1562167861607278,
      "Q_slm": 0.7237607757477311,
      "n_nozzles": 1414
    }
  ],
  "ga_best": {
    "TMA_UI": 0.9711113929748535,
    "neg_Re": -1.8181661086803762,
    "Re": 1.8181661086803762,
    "geom_type": 1,
    "geom_name": "A_baffled",
    "D_mm": 2.6569184794336733,
    "Q_slm": 0.5,
    "H_plenum_mm": 15.775210181988694,
    "pitch_D": 4.493941588432475,
    "extra_param": 0.41790569290875756,
    "n_nozzles": 123
  },
  "rand_best": {
    "TMA_UI": 0.8950137019157409,
    "neg_Re": -2.3133793477915154,
    "Re": 2.3133793477915154,
    "geom_name": "C_annular",
    "D_mm": 2.997726480783366,
    "Q_slm": 0.6944467106820811,
    "n_nozzles": 119
  }
}